{
    "OBJECTS": [
        {
            "PLAYER_POS": [
                0.0,
                0.0
            ],
            "ROLE": "PLAYER"
        },
        {
            "POS": [
                -111.25390625,
                526.8900146484375
            ],
            "ROLE": "BOX",
            "SIZE": [
                64.0,
                64.0
            ],
            "TYPE": "BOX_METAL"
        },
        {
            "POS": [
                0.0,
                0.0
            ],
            "RADIAN": 0.0,
            "ROLE": "FLOOR",
            "SIZE": [
                64.0,
                64.0
            ],
            "TYPE": 0
        },
        {
            "POS": [
                432.2705078125,
                658.8900146484375
            ],
            "RADIAN": 0.0,
            "ROLE": "FLOOR",
            "SIZE": [
                4000.0,
                200.0
            ],
            "TYPE": 0
        }
    ]
}